study,n,time,m,sd,experience
Braboszcz et al. (2013),82,1,6.65853658536585,5.9757111508091,experienced
Braboszcz et al. (2013),82,2,4.48780487804878,5.22870496545544,experienced
